<?xml version="1.0" encoding="UTF-8"?>
<addon id="plugin.video.sktonline" version="1.0.0" name="SkTonline" provider-name="cache-sk">
    <requires>
        <import addon="xbmc.python" version="2.19.0" />
        <import addon="script.module.requests" version="2.18.4"/>
        <import addon="script.module.beautifulsoup4" version="4.5.0"/>
    </requires>
    <extension point="xbmc.python.pluginsource" library="main.py">
        <provides>video</provides>
    </extension>
    <extension point="xbmc.addon.metadata">
        <summary lang="en">SkTonline</summary>
        <description lang="en">Watch movies and series from SkTonline</description>
        <description lang="sk">Sledujte filmy a seriály z SkTonline</description>
        <description lang="cs">Sledujte filmy a seriály z SkTonline</description>
        <platform>all</platform>
        <forum>https://www.xbmc-kodi.cz/prispevek-yet-another-bombuj-plugin</forum>
        <source>https://github.com/cache-sk/SkTonline</source>
        <assets>
            <icon>icon.png</icon>
        </assets>
        <news>
[B]1.0.0[/B]
- first release
        </news>
    </extension>
</addon>
