<?xml version="1.0" encoding="UTF-8"?>
<addon id="plugin.video.dokumenty.tv" version="1.0.3" name="Dokumenty.tv" provider-name="cache-sk">
    <requires>
        <!--import addon="xbmc.python" version="3.0.0" /-->
        <import addon="script.module.resolveurl" version="5.0.00"/>
        <import addon="script.module.urlresolver" version="5.0.00"/>
        <import addon="script.module.requests" version="2.18.4"/>
        <import addon="script.module.beautifulsoup4" version="4.5.0"/>
    </requires>
    <extension point="xbmc.python.pluginsource" library="main.py">
        <provides>video</provides>
    </extension>
    <extension point="xbmc.addon.metadata">
        <summary>Dokumenty.tv</summary>
        <description lang="en">Simulation dokumenty.tv browser</description>
        <description lang="sk">Simulácia prehliadača stránky dokumenty.tv</description>
        <description lang="cs">Simulace prohlížeče stránky dokumenty.tv</description>
        <disclaimer lang="en">The plugin does not provide any content, it is only a simulation of the browser of a publicly available web site. I am not responsible for the content provided by this site.</disclaimer>
        <disclaimer lang="sk">Plugin neposkytuje žiaden obsah, je to len simulácia prehliadača verejne dostupnej web stránky. Nie som zodpovedný za obsah, ktorý táto stránka poskytuje.</disclaimer>
        <disclaimer lang="cz">Plugin neposkytuje žádný obsah, je to jen simulace prohlížeče veřejně dostupné web stránky. Nejsem zodpovědný za obsah, který tato stránka poskytuje.</disclaimer>
        <news>
[B]1.0.3[/B]
- matrix
[B]1.0.2[/B]
- disclaimer
[B]1.0.1[/B]
- removed unused settings
[B]1.0.0[/B]
- release
[B]0.0.4[/B]
- added to repository
[B]0.0.3[/B]
- regex name suffix removal
[B]0.0.2[/B]
- beta, plot, better searching
[B]0.0.1[/B]
- alpha
        </news>
        <assets>
            <icon>icon.png</icon>
        </assets>
    </extension>
</addon>
