<?xml version="1.0" encoding="UTF-8"?>
<addon id="plugin.video.yawsp" name="YAWsP" version="0.2.3" provider-name="cache-sk">
    <requires>
        <!--import addon="xbmc.python" version="2.19.0"/-->
        <import addon="script.module.requests" version="2.18.4"/>
        <import addon="script.module.unidecode" version="0.4.16"/>
    </requires>
    <extension point="xbmc.python.pluginsource" library="main.py">
        <provides>video</provides>
    </extension>
    <extension point="xbmc.addon.metadata">
        <summary>Yet Another Webshare Plugin</summary>
        <disclaimer lang="en_GB">The plugin does not provide any content, it is only a simulation of the browser of a publicly available web site. I am not responsible for the content provided by this site.</disclaimer>
        <disclaimer lang="sk_SK">Plugin neposkytuje žiaden obsah, je to len simulácia prehliadača verejne dostupnej web stránky. Nie som zodpovedný za obsah, ktorý táto stránka poskytuje.</disclaimer>
        <disclaimer lang="cs_CZ">Plugin neposkytuje žádný obsah, je to jen simulace prohlížeče veřejně dostupné web stránky. Nejsem zodpovědný za obsah, který tato stránka poskytuje.</disclaimer>
        <platform>all</platform>
        <license>AGPL 3.0</license>
        <forum>https://www.xbmc-kodi.cz/prispevek-yet-another-webshare-plugin</forum>
        <source>https://github.com/cache-sk/plugin.video.yawsp</source>
        <assets>
            <icon>resources/icon.png</icon>
        </assets>
        <news>
[B]0.2.3[/B]
- experimentalny fix najnovsich a najvacsich na WS
[B]0.2.2[/B]
- fix search pre Kodi 21.3
[B]0.2.1[/B]
- format zobrazenia vysledkov
- vylepseny search - nezobrazi dialog po navrate
[B]0.2.0[/B]
- nexus compatibility
[B]0.1.9[/B]
- matrix compatibility pt3
[B]0.1.8[/B]
- matrix compatibility pt2
[B]0.1.7[/B]
- matrix compatibility pt1
[B]0.1.6[/B]
- experimenty s uuid/headermi aby neukladalo historiu viac krat - nepomohlo..
- uuid je generovane
[B]0.1.5[/B]
- fixed stahovanie, aby slo aj na sambu
[B]0.1.4[/B]
- experimental
[B]0.1.3[/B]
- experimental
[B]0.1.2[/B]
- pridane stahovanie
[B]0.1.1[/B]
- pridane v menu hladania aj vsetky najnovsie a najvacsie (pozor, zobrazuje to aj adult obsah)
[B]0.1.0[/B]
- prvy verejny release
- TODO stahovanie
- TODO hladanie pomocou TMDB
        </news>
    </extension>
</addon>