<?xml version="1.0" encoding="UTF-8"?>
<addon id="repository.saros"
  version="1.1.0"
  name="Kodi Saros Addons"
  provider-name="Sároš">
  <extension point="xbmc.addon.repository"
    name="Repozitář doplňků">
    <dir minversion="18.9.0">
      <info compressed="false">http://saros.wz.cz/repo/repo-v19/addons.xml</info>
      <checksum>http://saros.wz.cz/repo/repo-v19/addons.xml.md5</checksum>
      <datadir zip="true">http://saros.wz.cz/repo/repo-v19/</datadir>
    </dir>
    <dir minversion="17.9.0" maxversion="18.9.0">
      <info compressed="false">http://saros.wz.cz/repo/addons.xml</info>
      <checksum>http://saros.wz.cz/repo/addons.xml.md5</checksum>
      <datadir zip="true">http://saros.wz.cz/repo/</datadir>
    </dir>
  </extension>
  <extension point="xbmc.addon.metadata">
    <summary>Kodi Saros Addons</summary>
    <description>Kodi Saros Addons</description>
    <platform>all</platform>
    <language>cs</language>
    <assets>
        <icon>icon.png</icon>
    </assets>
  </extension>
</addon>
