﻿<?xml version="1.0" encoding="UTF-8" standalone="yes"?>
<addon id="repository.cache-sk" name="Kodi cache-sk Addons" version="1.0.6" provider-name="cache-sk">
    <extension point="xbmc.addon.repository" name="Kodi cache-sk Addons">
        <dir>
            <info compressed="false">https://cache-sk.github.io/kodirepo/addons.xml</info>
            <checksum>https://cache-sk.github.io/kodirepo/addons.xml.md5</checksum>
            <datadir zip="true">https://cache-sk.github.io/kodirepo/</datadir>
        </dir>
    </extension>
    <extension point="xbmc.addon.metadata">
        <summary>Kodi cache-sk Addons</summary>
        <description>Kodi cache-sk Addons</description>
        <platform>all</platform>
        <assets>
            <icon>icon.png</icon>
        </assets>
    </extension>
    <extension point="xbmc.service" library="announcements.py" />
</addon>