<?xml version="1.0" encoding="UTF-8"?>
<addon id="plugin.video.sktonline" version="1.0.3" name="SkTonline" provider-name="cache-sk">
    <requires>
        <import addon="script.module.requests" version="2.18.4"/>
        <import addon="script.module.beautifulsoup4" version="4.5.0"/>
    </requires>
    <extension point="xbmc.python.pluginsource" library="main.py">
        <provides>video</provides>
    </extension>
    <extension point="xbmc.addon.metadata">
        <summary lang="en">SkTonline</summary>
        <description lang="en">Simulation of online.sktorrent.eu browser</description>
        <description lang="sk">Simulácia prehliadača stránky online.sktorrent.eu</description>
        <description lang="cs">Simulace prohlížeče stránky online.sktorrent.eu</description>
        <disclaimer lang="en">The plugin does not provide any content, it is only a simulation of the browser of a publicly available web site. I am not responsible for the content provided by this site.</disclaimer>
        <disclaimer lang="sk">Plugin neposkytuje žiaden obsah, je to len simulácia prehliadača verejne dostupnej web stránky. Nie som zodpovedný za obsah, ktorý táto stránka poskytuje.</disclaimer>
        <disclaimer lang="cz">Plugin neposkytuje žádný obsah, je to jen simulace prohlížeče veřejně dostupné web stránky. Nejsem zodpovědný za obsah, který tato stránka poskytuje.</disclaimer>
        <platform>all</platform>
        <forum>https://www.xbmc-kodi.cz/prispevek-sktonline</forum>
        <source>https://github.com/cache-sk/SkTonline</source>
        <assets>
            <icon>icon.png</icon>
        </assets>
        <news>
[B]1.0.3[/B]
- kompatibilita s Kodi 19 Matrix Alpha
[B]1.0.2[/B]
- zviditelnenie v Kodi 19 Matrix Alpha
[B]1.0.1[/B]
- disclaimer
[B]1.0.0[/B]
- first release
        </news>
    </extension>
</addon>
