<?xml version="1.0" encoding="UTF-8"?>
<addon id="plugin.video.freeview.sk" version="0.1.5" name="Živé vysielanie TV na Slovensku" provider-name="cache-sk">
    <requires>
        <import addon="xbmc.python" version="2.19.0" />
        <import addon="script.module.resolveurl" version="5.0.00"/>
        <import addon="script.module.requests" version="2.18.4"/>
        <import addon="script.module.beautifulsoup4" version="4.5.0"/>
        <import addon="inputstream.adaptive" version="2.3.13"/>
        <import addon="script.module.m3u8" version="0.3.7"/>
    </requires>
    <extension point="xbmc.python.pluginsource" library="main.py">
        <provides>video</provides>
    </extension>
    <extension point="xbmc.service" library="service.py"/>
    <extension point="xbmc.addon.metadata">
        <summary lang="en_GB">Playlist a sada resolverov</summary>
        <description lang="en_GB">Všetky tu získavané streamy sú verejne k dispozícii a využívajú ich primárne oficiálne stránky či aplikácie konkrétnych televízií.</description>
        <license>AGPL</license>
        <forum>not yet</forum>
        <source>https://github.com/cache-sk/plugin.video.freeview.sk</source>
        <news>
[B]0.1.5[/B]
- schovanie phazebox z menu
- zlucenie ct d a ct art do jedneho programu, aby sedel so skylink epg
[B]0.1.4[/B]
- generovanie a nastavenie epg zo skylinku
[B]0.1.3[/B]
- nastavenie phazebox epg
[B]0.1.2[/B]
- otazka pred nastavenim pvr iptv
[B]0.1.1[/B]
- uprava textov
[B]0.1.0[/B]
- prepis jazyka na "anglictinu" inak chybali texty
[B]0.0.9[/B]
- fix preklep rtvs alt
[B]0.0.8[/B]
- upravy menu, popisu, nastaveni a zakomentovanie geoblokovanych CT stanic
[B]0.0.7[/B]
- nrsr/rtvs
[B]0.0.6[/B]
- joj family a rik, rtvs alt
[B]0.0.5[/B]
- upravenie retra (adaptive ma s tym streamom problem)
[B]0.0.4[/B]
- pridanie CT kanalov
[B]0.0.3[/B]
- pridanie hudobnych kanalov
[B]0.0.2[/B]
- refactoring
[B]0.0.1[/B]
- inicialna verzia
        </news>
        <assets>
            <icon>icon.jpg</icon>
        </assets>
    </extension>
</addon>
