<?xml version="1.0" encoding="UTF-8"?>
<addon id="plugin.video.rebit.tv" version="0.0.2" name="rebit.tv" provider-name="cache-sk">
    <requires>
        <import addon="xbmc.python" version="2.26.0"/>
        <import addon="script.module.resolveurl" version="5.0.00"/>
        <import addon="script.module.requests" version="2.18.4"/>
        <import addon="inputstream.adaptive" version="2.3.13"/>
    </requires>
    <extension point="xbmc.python.pluginsource" library="main.py">
        <provides>video</provides>
    </extension>
    <extension point="xbmc.addon.metadata">
        <assets>
            <icon>logo.png</icon>
        </assets>
    </extension>
</addon>
