<?xml version="1.0" encoding="UTF-8"?>
<addon id="repository.hacky"
  version="1.0.7"
  name="Hacky's repository"
  provider-name="Hacky">
  <extension point="xbmc.addon.repository"
    name="Hackyho repo">
    <dir>
      <info compressed="false">https://repo.sc2.zone/repo/addons.xml</info>
      <checksum>https://repo.sc2.zone/repo/addons.xml.md5</checksum>
      <datadir zip="true">https://repo.sc2.zone/repo/</datadir>
    </dir>
    <dir minversion="18.9.0">
      <info compressed="false">https://repo.sc2.zone/repo-v19/addons.xml</info>
      <checksum>https://repo.sc2.zone/repo-v19/addons.xml.md5</checksum>
      <datadir zip="true">https://repo.sc2.zone/repo-v19/</datadir>
    </dir>
    <dir minversion="17.9.0" maxversion="18.9.0">
      <info compressed="false">https://repo.sc2.zone/repo-v18/addons.xml</info>
      <checksum>https://repo.sc2.zone/repo-v18/addons.xml.md5</checksum>
      <datadir zip="true">https://repo.sc2.zone/repo-v18/</datadir>
    </dir>
    <dir minversion="16.9.0" maxversion="17.9.0">
      <info compressed="false">https://repo.sc2.zone/repo-v17/addons.xml</info>
      <checksum>https://repo.sc2.zone/repo-v17/addons.xml.md5</checksum>
      <datadir zip="true">https://repo.sc2.zone/repo-v17/</datadir>
    </dir>
    <dir minversion="15.9.0" maxversion="16.9.0">
      <info compressed="false">https://repo.sc2.zone/repo-v16/addons.xml</info>
      <checksum>https://repo.sc2.zone/repo-v16/addons.xml.md5</checksum>
      <datadir zip="true">https://repo.sc2.zone/repo-v16/</datadir>
    </dir>
  </extension>
  <extension point="xbmc.addon.metadata">
    <summary>Hacky's repository</summary>
    <description>
      Contains Stream Cinema 2.0 dependencies
      - author of this repository is not responsible for the Stream Cinema 2 addon 
      or for any damages caused by using Stream Cinema 2 addon.
      - all updates are fully automatic via git.hotshot.sk 
      - author of this repository is in no way connected to the git.hotshot.sk 
      or Stream Cinema 2 addon
    </description>
    <description lang="cs">
      Obsahuje zavislosti pro Stream Cinema 2.0
      - autor repozitare nenese zadnou odpovednost za tento doplnek, ani za 
      skody zpusobene jeho pouzivanim
      - veskere aktualizace jsou automaticke  
    </description>
    <platform>all</platform>
    <language>en cs sk</language>
  </extension>
</addon>
