﻿<?xml version="1.0" encoding="UTF-8" standalone="yes"?>
<addon id="repository.cache-sk" name="Kodi cache-sk Addons" version="1.0.4" provider-name="cache-sk">
    <extension point="xbmc.addon.repository" name="Kodi cache-sk Addons">
        <info compressed="false">https://raw.githubusercontent.com/cache-sk/kodirepo/master/repository/addons.xml</info>
        <checksum>https://raw.githubusercontent.com/cache-sk/kodirepo/master/repository/addons.xml.md5</checksum>
        <datadir zip="true">https://raw.githubusercontent.com/cache-sk/kodirepo/master/repository/</datadir>
    </extension>
    <extension point="xbmc.addon.metadata">
        <summary>Kodi cache-sk Addons</summary>
        <description>Kodi cache-sk Addons</description>
        <platform>all</platform>
        <assets>
            <icon>icon.png</icon>
        </assets>
    </extension>
    <extension point="xbmc.service" library="announcements.py" />
</addon>