﻿<?xml version="1.0" encoding="UTF-8" standalone="yes"?>
<addon id="repository.cache-sk" name="Kodi cache-sk Addons" version="1.0.1" provider-name="cache-sk">
    <extension point="xbmc.addon.repository" name="Kodi cache-sk Addons">
        <info compressed="false">https://raw.githubusercontent.com/cache-sk/kodirepo/master/repository/addons.xml</info>
        <checksum>https://raw.githubusercontent.com/cache-sk/kodirepo/master/repository/addons.xml.md5</checksum>
        <datadir zip="true">https://raw.githubusercontent.com/cache-sk/kodirepo/master/repository/</datadir>
        <!--
        <dir>
            <info compressed="false">https://raw.githubusercontent.com/jsergio123/zips/master/addons.xml</info>
            <checksum>https://raw.githubusercontent.com/jsergio123/zips/master/addons.xml.md5</checksum>
            <datadir zip="true">https://raw.githubusercontent.com/jsergio123/zips/master/</datadir>
        </dir>
        <dir>
            <info compressed="false">http://kodi-czsk.github.io/repository/repo/addons.xml</info>
            <checksum>http://kodi-czsk.github.io/repository/repo/addons.xml.md5</checksum>
            <datadir zip="true">http://kodi-czsk.github.io/repository/repo/</datadir>
        </dir>
        <dir>
            <info>https://repo.xbmc-kodi.cz/addons/addons.xml.gz</info>
            <checksum verify="sha256">https://repo.xbmc-kodi.cz/addons/addons.xml.gz?sha256</checksum>
            <datadir zip="true">https://repo.xbmc-kodi.cz/addons/</datadir>
            <hashes>sha256</hashes>
        </dir>
        -->
    </extension>
    <dir>
        <info compressed="false">https://raw.githubusercontent.com/jsergio123/zips/master/addons.xml</info>
        <checksum>https://raw.githubusercontent.com/jsergio123/zips/master/addons.xml.md5</checksum>
        <datadir zip="true">https://raw.githubusercontent.com/jsergio123/zips/master/</datadir>
	</dir>
    <extension point="xbmc.addon.metadata">
        <summary>Kodi cache-sk Addons</summary>
        <description>Kodi cache-sk Addons</description>
        <platform>all</platform>
    </extension>
    <assets>
        <icon>icon.png</icon>
    </assets>
</addon>