<?xml version="1.0" encoding="UTF-8"?>
<addon id="plugin.video.freeview.sk" version="0.0.6" name="Živé vysielanie slovenských TV" provider-name="cache-sk">
    <requires>
        <import addon="xbmc.python" version="2.19.0" />
        <import addon="script.module.resolveurl" version="5.0.00"/>
        <import addon="script.module.requests" version="2.18.4"/>
        <import addon="script.module.beautifulsoup4" version="4.5.0"/>
        <import addon="inputstream.adaptive" version="2.3.13"/>
        <import addon="script.module.m3u8" version="0.3.7"/>
    </requires>
    <extension point="xbmc.python.pluginsource" library="main.py">
        <provides>video</provides>
    </extension>
    <extension point="xbmc.addon.metadata">
        <summary lang="sk_SK">Živé vysielanie slovenských TV</summary>
        <description lang="sk_SK">Živé vysielanie slovenských TV</description>
        <license>AGPL</license>
        <forum>https://www.xbmc-kodi.cz/prispevek-skylink-livetv-addon-beta</forum>
        <source>https://github.com/cache-sk/plugin.video.freeview.sk</source>
        <news>
[B]0.0.6[/B]
- joj family a rik, rtvs alt
[B]0.0.5[/B]
- upravenie retra (adaptive ma s tym streamom problem)
[B]0.0.4[/B]
- pridanie CT kanalov
[B]0.0.3[/B]
- pridanie hudobnych kanalov
[B]0.0.2[/B]
- refactoring
[B]0.0.1[/B]
- inicialna verzia
        </news>
        <assets>
            <icon>icon.jpg</icon>
        </assets>
    </extension>
</addon>
