<?xml version="1.0" encoding="UTF-8"?>
<addon id="repository.repoczsk"
  version="1.0.6"
  name="[B]Repo CZ/SK[/B]"
  provider-name="Dragonix">
  <extension point="xbmc.addon.repository"
    name="Repo CZ/SK">
    <dir>
	  <info compressed="false">http://repoczsk.wz.sk/repo/addons.xml</info>	
	  <checksum>http://repoczsk.wz.sk/repo/addons.xml.md5</checksum>
	  <datadir zip="true">http://repoczsk.wz.sk/repo/</datadir>
	</dir>
	<dir>
	  <info compressed="false">http://kodi.lanik.org/_p3repo/addons.xml</info>
        <checksum>http://kodi.lanik.org/_p3repo/addons.xml.md5</checksum>
        <datadir zip="true">http://kodi.lanik.org/_p3repo/</datadir>
    </dir>
    <dir>
    	<info>https://mirror.xbmc-kodi.cz/addons/matrix/addons.xml.gz</info>
        <checksum verify="sha256">https://mirror.xbmc-kodi.cz/addons/matrix/addons.xml.gz?sha256</checksum>
        <datadir>https://mirror.xbmc-kodi.cz/addons/matrix/</datadir>
		<artdir>https://mirror.xbmc-kodi.cz/addons/matrix/</artdir>
        <hashes>sha256</hashes>
    </dir>
    <dir>
      <info compressed="false">https://repo.sc2.zone/repo/addons.xml</info>
      <checksum>https://repo.sc2.zone/repo/addons.xml.md5</checksum>
      <datadir zip="true">https://repo.sc2.zone/repo/</datadir>
    </dir>
    <dir minversion="19.9.0">
      <info compressed="false">https://repo.sc2.zone/repo-v20/addons.xml</info>
      <checksum>https://repo.sc2.zone/repo-v20/addons.xml.md5</checksum>
      <datadir zip="true">https://repo.sc2.zone/repo-v20/</datadir>
    </dir>
    <dir minversion="18.9.0" maxversion="19.9.0">
      <info compressed="false">https://repo.sc2.zone/repo-v19/addons.xml</info>
      <checksum>https://repo.sc2.zone/repo-v19/addons.xml.md5</checksum>
      <datadir zip="true">https://repo.sc2.zone/repo-v19/</datadir>
    </dir>
    <dir minversion="17.9.0" maxversion="18.9.0">
      <info compressed="false">https://repo.sc2.zone/repo-v18/addons.xml</info>
      <checksum>https://repo.sc2.zone/repo-v18/addons.xml.md5</checksum>
      <datadir zip="true">https://repo.sc2.zone/repo-v18/</datadir>
    </dir>
    <dir minversion="16.9.0" maxversion="17.9.0">
      <info compressed="false">https://repo.sc2.zone/repo-v17/addons.xml</info>
      <checksum>https://repo.sc2.zone/repo-v17/addons.xml.md5</checksum>
      <datadir zip="true">https://repo.sc2.zone/repo-v17/</datadir>
    </dir>
    <dir minversion="15.9.0" maxversion="16.9.0">
      <info compressed="false">https://repo.sc2.zone/repo-v16/addons.xml</info>
      <checksum>https://repo.sc2.zone/repo-v16/addons.xml.md5</checksum>
      <datadir zip="true">https://repo.sc2.zone/repo-v16/</datadir>
    </dir>
  </extension>
  <extension point="xbmc.addon.metadata">
    <summary>Najlepšie Kodi doplnky</summary>
    <description>
      Contains Best Kodi addons.
    </description>
    <description lang="sk">
      Obsahuje najlepšie Kodi doplnky.
    </description>
    <platform>all</platform>
    <language>en cs sk</language>
  </extension>
</addon>