<?xml version="1.0" encoding="UTF-8"?>
<addon id="plugin.video.freeview.sk" version="0.9.0" name="freeview.sk" provider-name="cache-sk">
    <requires>
        <import addon="script.module.requests" version="2.18.4"/>
        <import addon="script.module.beautifulsoup4" version="4.5.0"/>
        <import addon="inputstream.adaptive" version="2.3.13"/>
        <import addon="script.module.m3u8" version="0.3.7"/>
    </requires>
    <extension point="xbmc.python.pluginsource" library="main.py">
        <provides>video</provides>
    </extension>
    <extension point="xbmc.service" library="service.py"/>
    <extension point="xbmc.addon.metadata">
        <summary lang="en_GB">Playlist a sada resolverov</summary>
        <description lang="en_GB">Všetky tu získavané streamy sú verejne k dispozícii a využívajú ich primárne oficiálne stránky či aplikácie konkrétnych televízií.</description>
        <license>AGPL</license>
        <forum>not yet</forum>
        <source>https://github.com/cache-sk/plugin.video.freeview.sk</source>
        <assets>
            <icon>icon.jpg</icon>
        </assets>
        <news>
[B]0.9.0[/B]
- nova stanice fix (thnx JSebso, nemusel som patrat)
- nova lady epg
- joj svet stream, epg zatial nedostupne
- cnn prima odstranenie lq profilu
[B]0.8.1[/B]
- skylink epg hotfix - empty description
[B]0.8.0[/B]
- sfunkcnenie nastaveni pre novy multi-profil PVR Iptv Simple Client
[B]0.7.0[/B]
- markiza - nova stranka markizy, treba nove vlastne konto
- joj family - temporary ignorovanie chyby certifikatu
- nasa tv - pridane 
[B]0.6.1[/B]
- markiza dialog - nedostupnost streamu sposobuje zdielane konto
[B]0.6.0[/B]
- divny markizacky hotfix - markiza niekedy vrati iframe so streamom, inokedy iframe s obrazkom..
[B]0.5.9[/B]
- doplnenie kodov stanic pre epg
[B]0.5.8[/B]
- nexus translatePath fix
[B]0.5.7[/B]
- joj play (thnx Jakubicek222 za tip)
[B]0.5.6[/B]
- zakomentovanie nefunkcneho joj sport, pridanie joj24, aktualizacia log markizy
[B]0.5.5[/B]
- premenovanie trojky na :24, pridanie krimi
[B]0.5.4[/B]
- rtvs sport, joj sport (thnx to Chinark), vsetky Nova kanaly (thnx to HereIronman7746/ParrotDevelopers)
[B]0.5.3[/B]
- fixes
[B]0.5.2[/B]
- nova fun, nova lady, fashion tv
[B]0.5.1[/B]
- iprima fix
[B]0.5.0[/B]
- narychlo fixnute streamy pre joj group
- narychlo geo unlock pre joj family
- na jojko stranke zmizlo live, jojko zakomentovany v playliste
- nova nasadila geoblock ktory zatial neviem obist, vsetky zakomentovane v playliste
[B]0.4.5[/B]
- matrix fix
[B]0.4.4[/B]
- matrix fix
[B]0.4.3[/B]
- moznost nastavit ako casto a kolko generovat epg
[B]0.4.2[/B]
- epg dumb fix :D
[B]0.4.1[/B]
- markiza a rtvs fix
[B]0.4.0[/B]
- kompatibilita s kodi 19 alpha
[B]0.3.8[/B]
- cnn prima news
[B]0.3.7[/B]
- disable rtvs alternative
[B]0.3.6[/B]
- jojko 360p backup
[B]0.3.5[/B]
- fix epg nahladu (skylink)
[B]0.3.4[/B]
- remove unused import
- upravene info
[B]0.3.3[/B]
- lame fix
[B]0.3.2[/B]
- encoding fix
[B]0.3.1[/B]
- zdrojove kody iprima proxy
- pi-hole fix :)
[B]0.3.0[/B]
- Pridane Prima kanaly
- Jojko stream opraveny
[B]0.2.0[/B]
- Nova kanaly obnovene, pridana Nova Action
- Jojko stream stale nieje opraveny
[B]0.1.9[/B]
- update fix
[B]0.1.8[/B]
- Nova zmenila lokality svojich streamov, kym neziskam nove zmiznu programy z playlistu.
- Jojko ma zaseknuty stream, chyba je na strane JOJ
[B]0.1.7[/B]
- Jojko
[B]0.1.6[/B]
- Trojka, zatial bez alt streamu a bez epg
[B]0.1.5[/B]
- schovanie phazebox z menu
- zlucenie ct d a ct art do jedneho programu, aby sedel so skylink epg
[B]0.1.4[/B]
- generovanie a nastavenie epg zo skylinku
[B]0.1.3[/B]
- nastavenie phazebox epg
[B]0.1.2[/B]
- otazka pred nastavenim pvr iptv
[B]0.1.1[/B]
- uprava textov
[B]0.1.0[/B]
- prepis jazyka na "anglictinu" inak chybali texty
[B]0.0.9[/B]
- fix preklep rtvs alt
[B]0.0.8[/B]
- upravy menu, popisu, nastaveni a zakomentovanie geoblokovanych CT stanic
[B]0.0.7[/B]
- nrsr/rtvs
[B]0.0.6[/B]
- joj family a rik, rtvs alt
[B]0.0.5[/B]
- upravenie retra (adaptive ma s tym streamom problem)
[B]0.0.4[/B]
- pridanie CT kanalov
[B]0.0.3[/B]
- pridanie hudobnych kanalov
[B]0.0.2[/B]
- refactoring
[B]0.0.1[/B]
- inicialna verzia
        </news>
    </extension>
</addon>
