<?xml version="1.0" encoding="UTF-8"?>
<addon id="plugin.video.yabop" version="1.1.5" name="YABoP" provider-name="cache-sk">
    <requires>
        <import addon="xbmc.python" version="2.19.0" />
        <import addon="script.module.resolveurl" version="5.0.00"/>
        <import addon="script.module.requests" version="2.18.4"/>
        <import addon="script.module.unidecode" version="0.4.16"/>
    </requires>
    <extension point="xbmc.python.pluginsource" library="main.py">
        <provides>video</provides>
    </extension>
    <extension point="xbmc.addon.metadata">
        <summary lang="en">Yet Another BOmbuj Plugin</summary>
        <description lang="en">Watch movies and series from Bombuj.eu</description>
        <description lang="sk">Sledujte filmy a seriály z Bombuj.eu</description>
        <description lang="cs">Sledujte filmy a seriály z Bombuj.eu</description>
        <platform>all</platform>
        <forum>https://www.xbmc-kodi.cz/prispevek-yet-another-bombuj-plugin</forum>
        <source>https://github.com/cache-sk/YABoP</source>
        <assets>
            <icon>icon.png</icon>
            <fanart>fanart.jpg</fanart>
        </assets>
        <news>
[B]1.1.5[/B]
- verystream fix titulkov
[B]1.1.4[/B]
- odstranenie vlastnej repository, odteraz to bude tu - https://github.com/cache-sk/kodirepo
[B]1.1.3[/B]
- rozoznavanie verystream.com vratane titulkov
[B]1.1.2[/B]
- tuning
[B]1.1.1[/B]
- pridanie moznosti nastavit, co v listoch filmov zobrazovat - streamy zobrazuje ako doteraz, ale ak sa nastavi napr. len dabing, tak filmy bez dabingu nezobrazi
- pridanie moznosti zmenit vek cache v sekundach, default je 4h
[B]1.1.0[/B]
- pridanie titulkov zo streamango
- pridanie cachovania a strankovania pre zoznam filmov a serialov
- pridanie experimentalneho automatickeho otvarania olpair.com
- pridanie nastaveni - cachovanie default zapnute, strankovanie a olpair vypnute
- fixnutie diakritiky vo vyhladavani, stiahne si modul unidecode
[B]1.0.3[/B]
- pridanie korektneho linku na forum
[B]1.0.2[/B]
- bump verzie pre self update test
[B]1.0.1[/B]
- self update from github
[B]1.0.0[/B]
- načítava obsah z bombuj.eu cez ich android api, filmy aj seriály v hierarchii presne podla android aplikácie
- pri výbere kategórií je na konci jednoduché vyhľadávanie
- dáta sú nekonzistentné (názov filmu občas česky, občas slovensky, občas originálny) ale s tým nič nespravím
- zvládne prehrať streamango.com a openload.io (odtiaľ sa pokúsi získať aj titulky)
- exashare.com a netu.tv zahlási, že nefungujú, ostatné že nepozná
- lokalizácia en, sk, cz
        </news>
    </extension>
</addon>
