<?xml version="1.0" encoding="UTF-8"?>
<addon id="plugin.video.rebit.tv" version="0.1.1" name="rebit.tv" provider-name="cache-sk">
    <requires>
        <import addon="script.module.requests" version="2.18.4"/>
        <import addon="inputstream.adaptive" version="2.3.13"/>
    </requires>
    <extension point="xbmc.python.pluginsource" library="main.py">
        <provides>video</provides>
    </extension>
    <extension point="xbmc.service" library="service.py"/>
    <extension point="xbmc.addon.metadata">
        <summary lang="en">rebit.tv iptv simple klient</summary>
        <description lang="en">generator m3u a epg pre rebit.tv</description>
        <disclaimer lang="en">generator m3u a epg pre rebit.tv</disclaimer>
        <platform>all</platform>
        <forum>https://github.com/cache-sk/plugin.video.rebit.tv</forum>
        <source>https://github.com/cache-sk/plugin.video.rebit.tv</source>
        <assets>
            <icon>logo.png</icon>
        </assets>
        <news>
[B]0.1.1[/B]
- kompatibilita s kodi 19
[B]0.1.0[/B]
- epg a m3u generovane sluzbou (pozor, pomaly proces!)
        </news>
    </extension>
</addon>
