<?xml version="1.0" encoding="UTF-8" standalone="yes"?>
<addon id="repository.xbmc-kodi.cz"
        name="XBMC-Kodi CZ/SK repozitář" 
        version="1.1.1"
        provider-name="XBMC-Kodi.cz"> 
    <extension point="xbmc.addon.repository">
        <info>https://mirror.xbmc-kodi.cz/addons/addons.xml.gz</info>
        <checksum verify="sha256">https://mirror.xbmc-kodi.cz/addons/addons.xml.gz?sha256</checksum>
        <datadir zip="true">https://mirror.xbmc-kodi.cz/addons/</datadir>
        <hashes>sha256</hashes>
    </extension>
    <extension point="xbmc.addon.metadata">
        <summary>Česko-slovenská komunita fanoušků XBMC/Kodi</summary>
        <description>Repozitář pro česko-slovenskou komunitu fanoušků XBMC/Kodi</description>
        <platform>all</platform>
    </extension>
</addon>
