<?xml version="1.0" encoding="UTF-8"?>
<addon id="plugin.video.topserialy.to" version="0.0.3" name="Topserialy.to" provider-name="cache-sk">
    <requires>
        <import addon="xbmc.python" version="2.19.0" />
        <import addon="script.module.resolveurl" version="5.0.00"/>
        <import addon="script.module.requests" version="2.18.4"/>
        <import addon="script.module.beautifulsoup4" version="4.5.0"/>
    </requires>
    <extension point="xbmc.python.pluginsource" library="main.py">
        <provides>video</provides>
    </extension>
    <extension point="xbmc.addon.metadata">
        <summary>Topserialy.to</summary>
        <description lang="en">Simulation of topserialy.to browser</description>
        <description lang="sk">Simulácia prehliadača stránky topserialy.to</description>
        <description lang="cs">Simulace prohlížeče stránky topserialy.to</description>
        <disclaimer lang="en">The plugin does not provide any content, it is only a simulation of the browser of a publicly available web site. I am not responsible for the content provided by this site.</disclaimer>
        <disclaimer lang="sk">Plugin neposkytuje žiaden obsah, je to len simulácia prehliadača verejne dostupnej web stránky. Nie som zodpovedný za obsah, ktorý táto stránka poskytuje.</disclaimer>
        <disclaimer lang="cz">Plugin neposkytuje žádný obsah, je to jen simulace prohlížeče veřejně dostupné web stránky. Nejsem zodpovědný za obsah, který tato stránka poskytuje.</disclaimer>
        <news>
[B]0.0.3[/B]
- disclaimer
[B]0.0.2[/B]
- offline message
[B]0.0.1[/B]
- first release
        </news>
        <assets>
            <icon>logo.png</icon>
        </assets>
    </extension>
</addon>
