<?xml version="1.0" encoding="UTF-8"?>
<addon id="plugin.video.yabop" version="1.2.9" name="YABoP" provider-name="cache-sk">
    <requires>
        <import addon="xbmc.python" version="2.19.0" />
        <import addon="script.module.resolveurl" version="5.0.00"/>
        <import addon="script.module.requests" version="2.18.4"/>
        <import addon="script.module.unidecode" version="0.4.16"/>
    </requires>
    <extension point="xbmc.python.pluginsource" library="main.py">
        <provides>video</provides>
    </extension>
    <extension point="xbmc.addon.metadata">
        <summary>Yet Another BOmbuj Plugin</summary>
        <description lang="en">Simulation of bombuj.si browser, or android app</description>
        <description lang="sk">Simulácia prehliadača, resp. android aplikácie, stránky bombuj.si</description>
        <description lang="cs">Simulace prohlížeče, resp. android aplikace, stránky bombuj.si</description>
        <disclaimer lang="en">The plugin does not provide any content, it is only a simulation of the browser of a publicly available web site or android app. I am not responsible for the content provided by this site.</disclaimer>
        <disclaimer lang="sk">Plugin neposkytuje žiaden obsah, je to len simulácia prehliadača verejne dostupnej web stránky resp. android aplikácie. Nie som zodpovedný za obsah, ktorý táto stránka poskytuje.</disclaimer>
        <disclaimer lang="cz">Plugin neposkytuje žádný obsah, je to jen simulace prohlížeče veřejně dostupné web stránky resp. android aplikace. Nejsem zodpovědný za obsah, který tato stránka poskytuje.</disclaimer>
        <platform>all</platform>
        <forum>https://www.xbmc-kodi.cz/prispevek-yet-another-bombuj-plugin</forum>
        <source>https://github.com/cache-sk/YABoP</source>
        <assets>
            <icon>icon.png</icon>
            <fanart>fanart.jpg</fanart>
        </assets>
        <news>
[B]1.2.9[/B]
- zmena domeny
[B]1.2.8[/B]
- mixdrop will be resolved by resolveurl from now
[B]1.2.7[/B]
- mixdrop quickfix yet again
[B]1.2.6[/B]
- mixdrop quickfix yet again
- upozornujem, ze plugin bude zanedlho deprecated, hlavny dovod je ze uz aj mixdrop zrejme zacal zapracovavat recaptchu a zatial som nevidel, ze by niekde recaptchu v3 prekonali
[B]1.2.5[/B]
- mixdrop quickfix yet again
[B]1.2.4[/B]
- mixdrop quickfix yet again
[B]1.2.3[/B]
- mixdrop quickfix
[B]1.2.2[/B]
- mixdrop quickfix
[B]1.2.1[/B]
- disclaimer
[B]1.2.0[/B]
- update po ukonceni openload a stremango, odstranenie legacy kodu
- beta rework na resolveri mixdrop.co, filmy ciastocne idu, serialy asi nist
- predpriprava pre netu, resolver v resolveurl ale nefunguje
[B]1.1.9[/B]
- fix titulkov na mixdrop.co
- fix serialov
[B]1.1.8[/B]
- doplnenie rozoznavania mixdrop.co
[B]1.1.7[/B]
- bombuj zmenilo domenu z .eu na .tv
- opat fix titulkov
[B]1.1.6[/B]
- update serialovej casti
- openload fix titulkov
[B]1.1.5[/B]
- verystream fix titulkov
[B]1.1.4[/B]
- odstranenie vlastnej repository, odteraz to bude tu - https://github.com/cache-sk/kodirepo
[B]1.1.3[/B]
- rozoznavanie verystream.com vratane titulkov
[B]1.1.2[/B]
- tuning
[B]1.1.1[/B]
- pridanie moznosti nastavit, co v listoch filmov zobrazovat - streamy zobrazuje ako doteraz, ale ak sa nastavi napr. len dabing, tak filmy bez dabingu nezobrazi
- pridanie moznosti zmenit vek cache v sekundach, default je 4h
[B]1.1.0[/B]
- pridanie titulkov zo streamango
- pridanie cachovania a strankovania pre zoznam filmov a serialov
- pridanie experimentalneho automatickeho otvarania olpair.com
- pridanie nastaveni - cachovanie default zapnute, strankovanie a olpair vypnute
- fixnutie diakritiky vo vyhladavani, stiahne si modul unidecode
[B]1.0.3[/B]
- pridanie korektneho linku na forum
[B]1.0.2[/B]
- bump verzie pre self update test
[B]1.0.1[/B]
- self update from github
[B]1.0.0[/B]
- načítava obsah z bombuj.eu cez ich android api, filmy aj seriály v hierarchii presne podla android aplikácie
- pri výbere kategórií je na konci jednoduché vyhľadávanie
- dáta sú nekonzistentné (názov filmu občas česky, občas slovensky, občas originálny) ale s tým nič nespravím
- zvládne prehrať streamango.com a openload.io (odtiaľ sa pokúsi získať aj titulky)
- exashare.com a netu.tv zahlási, že nefungujú, ostatné že nepozná
- lokalizácia en, sk, cz
        </news>
    </extension>
</addon>
